,x,y
0,13.9761305,6.787157
1,14.155493,6.9729204
2,14.088058,6.8882236
3,14.170619,7.001432
4,14.190265,7.069634
5,14.164127,7.008167
6,14.146676,6.9980297
7,14.225483,6.9377737
8,14.110873,6.95091
9,14.088982,6.896644
10,14.105439,6.905766
11,14.124444,6.9462767
12,14.133546,6.968185
13,14.0376215,6.8672347
14,14.092565,6.876975
15,14.146959,7.0200047
16,14.123546,6.919519
17,14.124767,6.9424176
18,14.221448,7.0234733
19,14.198831,6.984321
20,14.112761,6.9254727
21,14.114955,6.9304914
22,14.187689,6.969318
23,14.207645,6.9591217
24,14.143615,7.0132413
25,14.187306,7.0166717
26,14.14292,6.9676895
27,14.20681,7.0343924
28,14.218305,7.0069156
29,14.11178,6.9317746
30,14.145872,7.021729
31,14.141032,6.9567986
32,14.203736,6.891829
33,4.5428863,-2.4802728
34,4.5345683,-2.5034952
35,4.5234165,-2.4878957
36,4.5488167,-2.5337772
37,4.547144,-2.5492575
38,4.5732675,-2.597129
39,11.140048,3.581573
40,12.239262,4.1838264
41,12.581231,3.4797666
42,10.899155,3.4314187
43,11.529488,3.7810533
44,11.985468,2.6904864
45,11.720334,4.1683855
46,12.231676,3.4902217
47,11.759977,4.1342587
48,12.207368,4.1279674
49,12.529304,3.3975892
50,12.158587,4.210877
51,11.6790905,2.9702003
52,11.768825,3.641452
53,11.89933,3.8895433
54,12.041401,2.5126832
55,12.123257,2.5509195
56,12.115558,4.1493583
57,11.843323,4.207946
58,11.850122,4.1658387
59,11.12663,3.5625954
60,12.287123,3.7376337
61,12.0979395,4.198934
62,12.214286,3.461673
63,12.33308,3.2903678
64,11.962605,3.1610801
65,11.993201,2.5882795
66,11.3942995,3.8322666
67,12.189869,4.14889
68,11.472996,3.991597
69,11.860423,3.6415772
70,11.639256,3.7037165
71,12.128582,3.411543
72,12.006536,4.282376
73,12.528116,3.2746258
74,12.2488165,3.235231
75,11.690803,3.7925825
76,12.015139,3.4081008
77,12.349929,3.8197446
78,11.448535,3.9131913
79,11.022708,3.429033
80,12.623245,3.6095529
81,11.844236,4.2118177
82,12.109892,4.160029
83,12.470581,3.769705
84,12.220088,3.4372387
85,11.934671,3.6952248
86,11.112645,3.6782048
87,12.214848,3.3265142
88,12.058595,4.1342683
89,12.0698805,4.190023
90,12.452124,3.4545002
91,11.543146,3.9432714
92,11.786038,4.15868
93,11.656589,3.5706022
94,12.09735,3.15704
95,11.024513,3.465121
96,11.841529,3.785127
97,11.133804,3.5726018
98,12.301665,3.8574586
99,11.14333,3.5959911
100,11.025528,3.5468047
101,11.916673,3.7235215
102,11.645993,3.5795338
103,12.3553295,3.4310775
104,12.195698,2.9483013
105,11.9276285,3.288859
106,12.277595,3.7928991
107,11.544881,3.5914354
108,12.28666,3.9468482
109,11.792895,4.129551
110,11.694464,3.9146097
111,12.352812,3.8578014
112,11.780277,4.0662727
113,12.117502,4.239724
114,11.292665,3.6954424
115,12.125203,2.9360397
116,12.233028,3.4318068
117,11.762865,3.8420699
118,12.33546,3.7607071
119,12.059303,3.5053267
120,11.590272,3.7731419
121,10.948575,3.467124
122,12.539918,3.4448788
123,12.182031,3.4466813
124,11.083796,3.474222
125,11.608094,3.436264
126,12.031449,3.8490388
127,12.3361025,2.8972783
128,11.841148,2.992917
129,10.958693,3.385833
130,12.201609,2.5963042
131,12.110134,2.5302494
132,11.991154,2.7281775
133,10.838336,3.468215
134,10.949715,3.4269547
135,10.936443,3.4234433
136,12.375775,3.8807812
137,12.37816,3.3574123
138,12.063374,2.674096
139,11.477222,3.0309422
140,10.965502,3.4754045
141,12.12575,2.7624247
142,12.10173,2.5189705
143,11.989031,2.6413724
144,12.050787,2.5157053
145,11.877714,4.150931
146,11.004484,3.5053604
147,11.278866,3.630729
148,11.76976,3.97069
149,12.519493,3.565368
150,12.160112,3.442927
151,11.633357,3.6959267
152,11.131126,3.5970135
153,11.799057,4.1816106
154,11.917691,4.2482724
155,12.166053,4.1113787
156,12.575777,3.4457378
157,12.365366,3.9948232
158,12.447964,3.1887486
159,11.4046335,3.8640325
160,12.485656,3.4598527
161,12.402123,3.8498871
162,11.880352,3.1721888
163,12.078866,2.535706
164,12.015018,2.6086047
165,11.817072,3.0412412
166,12.203359,3.8477318
167,11.693501,3.0925264
168,12.216181,2.7493207
169,11.7564945,2.8500383
170,12.094478,2.5267158
171,12.1292515,3.1131947
172,12.293258,3.8322263
173,12.182593,2.785355
174,10.903203,3.446438
175,12.120088,2.8935547
176,12.181188,2.713061
177,12.044867,3.5809908
178,12.299855,3.9262593
179,12.047533,2.6971903
180,12.259149,3.7566967
181,11.22284,3.5866694
182,12.174428,3.7578797
183,10.876413,3.4273295
184,11.632232,3.5506892
185,11.685181,2.9137402
186,10.9003,3.4431884
187,11.77738,3.5281723
188,12.119289,3.182016
189,12.11383,2.5540473
190,11.7303505,2.8959599
191,12.106416,2.566765
192,12.051746,2.7141404
193,12.0267725,3.5312715
194,11.692483,3.712367
195,12.116467,3.474253
196,12.111006,3.9211407
197,11.9844055,3.2723658
198,12.17948,3.426679
199,12.069298,2.6879826
200,12.040465,2.7039351
201,11.548845,3.36141
202,12.232846,3.9122226
203,12.544329,3.594074
204,11.371854,3.8100562
205,12.2379875,3.2940001
206,11.399379,3.2752264
207,12.462922,3.4111845
208,12.171103,4.190639
209,12.553707,3.4291391
210,12.172736,2.9238343
211,11.796591,4.150073
212,11.64614,3.8795297
213,12.460139,3.7441475
214,12.067631,3.8072548
215,12.455058,3.6122098
216,20.762793,9.084606
217,20.974087,9.323965
218,20.738169,9.052919
219,20.892015,9.223464
220,20.82403,9.147613
221,20.834904,9.16473
222,20.746477,9.065607
223,20.891485,9.219097
224,20.799267,9.122334
225,20.718935,9.04004
226,20.946884,9.283403
227,20.753637,9.067085
228,20.940836,9.286565
229,20.727503,9.027461
230,20.989693,9.341894
231,20.848873,9.179209
232,20.751192,9.071083
233,20.81965,9.144479
234,20.729992,9.038506
235,20.861427,9.190748
236,20.709597,9.028999
237,20.766268,9.089066
238,20.707796,9.029512
239,20.700487,9.018171
240,20.727182,9.065366
241,20.81168,9.133062
242,20.758442,9.079325
243,20.966265,9.337568
244,20.716599,9.033661
245,20.943975,9.281657
246,20.905533,9.242506
247,20.740461,9.059335
248,20.756973,9.078041
249,20.691341,9.011688
250,20.803202,9.128133
251,20.726116,9.048669
252,20.821178,9.145022
253,21.175522,-1.4358909
254,20.284481,-1.0203257
255,20.605673,-0.8638231
256,20.31198,-1.0611511
257,20.882774,-1.2166914
258,20.937231,0.039569344
259,20.542727,-0.72056365
260,20.880945,-0.24100778
261,20.448233,-1.1045691
262,21.3111,-1.2969887
263,21.285934,-1.2323874
264,20.286135,-1.058471
265,21.170963,-1.046607
266,21.673141,-1.5669806
267,21.42111,-1.514951
268,20.38843,-0.8757578
269,20.32983,-1.1175132
270,21.234556,-0.870729
271,21.25954,-1.4611914
272,20.979244,-1.3811135
273,21.391562,-1.4473699
274,20.484894,-1.2306491
275,20.819954,-0.26137474
276,20.430864,-1.161439
277,21.195148,-1.4547454
278,4.779066,-3.5043674
279,20.375805,-0.97550064
280,20.978613,-0.13781519
281,21.14894,-1.1508512
282,21.00561,-1.0597732
283,21.37256,-1.5292535
284,20.881266,-0.041341845
285,20.519003,-1.225999
286,21.222113,-1.247467
287,21.71339,-1.5511957
288,20.42413,-0.9071045
289,20.730904,-0.092257604
290,20.62081,-1.3190165
291,21.407442,-1.5126158
292,21.101133,-1.3781991
293,21.104244,-0.4669001
294,21.18943,-1.3672516
295,21.288513,-0.965989
296,20.684614,-1.304092
297,20.322271,-1.1060773
298,21.705029,-1.5081357
299,20.445524,-1.0160276
300,20.851786,-1.0491596
301,20.405212,-1.0615085
302,20.297646,-1.0383741
303,21.209337,-1.1918705
304,20.400457,-0.99609786
305,20.47299,-0.8715029
306,21.34691,-1.4281547
307,20.916748,0.01296508
308,20.879755,-0.23217243
309,20.377892,-1.115391
310,20.94031,-0.03884689
311,20.406548,-0.9061832
312,21.236444,-1.2365508
313,20.866314,-1.3459878
314,21.302952,-1.3120528
315,20.570189,-1.0781181
316,21.522285,-1.2234348
317,20.603588,-0.73744434
318,21.118944,-0.46948862
319,21.643217,-1.4310529
320,20.915648,-0.3725452
321,21.43388,-1.3137914
322,20.38991,-1.0078801
323,20.950827,-1.055161
324,20.851244,-0.024494568
325,21.215883,-1.4222378
326,20.74429,-1.070929
327,20.922558,-0.04276378
328,20.49192,-1.2997705
329,21.014137,-1.4261932
330,20.55753,-1.0712626
331,21.707054,-1.5328298
332,20.840069,-0.059561506
333,20.740524,-0.16239808
334,20.821232,-0.22698732
335,20.887135,0.0058185444
336,20.85357,-0.24749331
337,21.188536,-1.2307861
338,4.755542,-3.5943604
339,21.345863,-1.1716629
340,20.321966,-1.081252
341,21.287535,-1.3156866
342,20.978867,-0.08886654
343,20.834478,-1.3716546
344,20.737637,-1.1312048
345,20.350954,-0.9171308
346,20.629158,-1.1747324
347,20.926788,-0.03438325
348,20.52971,-1.3286682
349,20.563814,-1.3042986
350,20.599344,-1.1566715
351,20.570148,-0.7489056
352,21.682997,-1.5117365
353,20.883566,0.0156302
354,20.901556,-0.078052156
355,21.522257,-1.2558888
356,20.626223,-1.1032596
357,21.64732,-1.476588
358,20.889256,-0.27278897
359,20.91411,-0.2049428
360,20.903599,-0.53606015
361,21.382906,-1.2648875
362,20.444304,-0.9034147
363,21.704477,-1.5026762
364,20.497524,-1.2291387
365,20.974676,-1.3899431
366,20.820051,-0.32818756
367,20.659525,-1.1927749
368,21.215578,-1.1836874
369,20.397972,-1.0120679
370,20.870382,-0.004633266
371,20.356636,-1.0661122
372,21.511642,-1.2694875
373,21.408129,-1.5031593
374,20.36722,-0.9526878
375,20.875217,-0.24045992
376,20.30886,-1.089522
377,21.209686,-1.2271954
378,21.2765,-1.5287026
379,20.39432,-1.1703787
380,20.94635,-0.040196367
381,21.756397,-1.5384593
382,20.401659,-1.0347531
383,20.46182,-1.1023836
384,21.472034,-1.4671862
385,4.2870994,-4.231592
386,4.753391,-4.234645
387,4.462716,-4.107948
388,4.234562,-4.1749973
389,4.23613,-4.1721525
390,4.707796,-3.7470846
391,4.412207,-4.1569066
392,4.48041,-4.2215376
393,4.586779,-4.168959
394,4.662755,-4.192881
395,4.81407,-4.259537
396,4.5657897,-4.1745644
397,4.815278,-4.338983
398,4.570054,-3.7566614
399,4.8031096,-4.247745
400,4.689848,-4.2132635
401,4.812588,-3.888101
402,4.3453765,-3.858522
403,4.1793246,-4.10657
404,4.4084153,-4.240117
405,4.373072,-4.1352043
406,4.3123145,-4.1926584
407,4.372506,-4.2665544
408,4.3288546,-4.258489
409,4.5828648,-4.143798
410,4.65353,-3.723659
411,4.3026004,-3.912789
412,4.851686,-4.274525
413,4.462134,-3.787334
414,4.5153065,-3.7731247
415,4.576836,-4.3205833
416,4.853254,-4.308103
417,4.5045037,-3.6520894
418,4.465416,-3.776262
419,4.427857,-3.7451658
420,4.7582445,-4.322247
421,4.735835,-4.1950455
422,4.3409834,-4.1532655
423,4.3521175,-3.9524944
424,4.22071,-4.072457
425,4.61808,-4.1285625
426,4.476975,-4.283867
427,4.7345514,-4.155007
428,4.598151,-4.0536056
429,4.6562605,-4.231945
430,4.6925764,-4.3584065
431,4.591177,-4.349634
432,4.7126765,-3.7214305
433,0.44215453,1.1451775
434,4.843068,-4.3205714
435,4.7936344,-4.154308
436,4.4545984,-4.2584844
437,4.421747,-4.150141
438,4.671926,-4.28493
439,4.8623266,-3.9860299
440,4.75674,-4.1713033
441,4.320728,-4.2078643
442,4.903296,-4.288551
443,4.7025323,-4.2782774
444,4.8625116,-3.9773433
445,4.8042884,-4.1987815
446,4.554673,-3.6789596
447,4.4451294,-3.8457704
448,4.651918,-4.177224
449,4.869216,-4.2065854
450,4.35464,-3.9950519
451,4.8262315,-4.2697597
452,4.805914,-4.2654138
453,4.6799955,-4.2576666
454,4.7086935,-4.22876
455,4.623799,-4.3852777
456,0.32706288,1.0646998
457,4.7842617,-4.084631
458,4.7415395,-4.2852497
459,4.6165195,-4.015849
460,4.485957,-3.825393
461,4.621679,-3.8149328
462,4.702784,-4.28846
463,4.16659,-4.038371
464,4.4774766,-4.340451
465,13.379344,10.993895
466,13.80595,11.057714
467,13.917923,10.98023
468,13.438862,11.071926
469,13.39254,10.990616
470,13.596699,11.017448
471,13.878711,10.983901
472,13.4041,11.038858
473,11.58919,11.873595
474,13.49405,11.108903
475,11.50963,11.945957
476,11.597713,11.918332
477,13.792857,10.980794
478,13.448627,11.072154
479,13.508047,11.027922
480,11.540502,11.972467
481,13.376687,11.123928
482,13.348947,11.145837
483,13.62876,11.00855
484,13.513082,11.060007
485,13.5077505,10.996982
486,13.966399,10.942246
487,13.461525,11.079642
488,11.633525,11.863851
489,13.70869,11.00632
490,13.927034,10.955807
491,13.934371,10.96103
492,13.7041025,10.963037
493,13.832834,11.0033655
494,13.390253,11.122692
495,13.534683,10.996977
496,13.309684,11.162415
497,13.413701,11.121047
498,13.987909,10.99653
499,13.994084,10.9330225
500,13.665973,11.0273
501,13.335476,11.156973
502,13.465283,11.03302
503,13.862371,11.008989
504,13.801335,11.014408
505,13.445154,11.108422
506,13.911332,10.939333
507,13.528104,11.065106
508,13.603119,11.01623
509,13.557338,11.042605
510,13.495343,11.091947
511,13.942115,10.957041
512,11.581986,11.937761
513,13.582166,11.019157
514,11.59105,11.929869
515,13.918987,10.967786
516,13.470921,11.100044
517,11.557844,14.359917
518,11.007411,14.524923
519,11.116371,14.918253
520,11.4997425,14.366187
521,4.6869407,-2.744753
522,11.231154,14.967746
523,11.478603,14.1669445
524,11.475366,14.237726
525,10.719236,12.968961
526,10.777803,14.819757
527,11.36966,14.828526
528,10.7952385,14.785876
529,11.286821,14.922868
530,11.120925,14.797543
531,10.885179,14.897636
532,11.289276,14.395259
533,11.02213,14.916702
534,11.598994,14.38245
535,10.857692,14.627717
536,11.253842,14.878579
537,11.397609,14.316654
538,10.773961,14.709294
539,10.936001,14.633921
540,11.424812,14.839969
541,10.844776,14.79061
542,10.792414,14.863927
543,11.186487,14.96022
544,11.3482485,14.965388
545,11.562913,14.379221
546,11.479648,14.258502
547,11.449611,14.306724
548,11.341685,14.588407
549,11.486454,14.682474
550,11.325388,14.929874
551,10.951988,14.605375
552,11.363602,14.386712
553,11.48174,14.224982
554,11.57619,14.472339
555,11.047612,14.465817
556,11.157456,14.465438
557,11.381433,14.13014
558,11.493673,14.4280405
559,10.908177,14.8409815
560,11.521712,14.697367
561,10.850524,14.872685
562,11.065893,14.928723
563,11.071001,14.93662
564,11.391879,14.873377
565,11.140152,14.950759
566,11.306006,14.824237
567,11.423591,14.7799635
568,10.828115,14.525525
569,11.15531,14.45608
570,11.439512,14.756855
571,11.439404,14.572336
572,11.261468,14.934571
573,10.833407,14.660738
574,11.449202,14.804268
575,11.507718,14.578658
576,11.630735,14.372609
577,11.523457,14.274205
578,11.495188,14.22654
579,11.124908,14.885458
580,10.825572,14.856732
581,11.557145,14.384122
582,11.387203,14.102679
583,6.8508034,12.618865
584,10.85419,14.827481
585,11.09423,14.903803
586,11.573112,14.610912
587,11.5595,14.34035
588,10.817164,14.815088
589,11.410483,14.831792
590,11.52068,14.695565
591,11.363489,14.779466
592,11.278229,14.950506
593,11.446891,14.749385
594,11.496779,14.64683
595,11.488571,14.380022
596,11.478154,14.682523
597,11.387897,14.81897
598,11.3910885,14.1984625
599,11.112698,14.841864
600,11.476769,14.753863
601,11.2038355,14.893124
602,11.586146,14.418312
603,11.407995,14.409939
604,11.603702,14.504887
605,6.918663,12.53938
606,6.4502273,12.950369
607,6.7628183,12.691623
608,6.7569647,12.708353
609,6.5731883,12.869391
610,6.788646,12.636908
611,6.8347397,12.6243
612,6.8269,12.645624
613,7.000473,12.438801
614,6.6455574,12.77114
615,6.8241534,12.596782
616,6.9421296,12.509882
617,6.9110765,12.549518
618,6.125808,13.253045
619,4.838318,-2.7488348
620,6.8920393,12.553962
621,7.0813355,12.351178
622,6.373375,13.023851
623,7.0318723,12.419676
624,6.9984527,12.452181
625,6.808621,12.66398
626,6.6124625,12.819184
627,6.8662624,12.598168
628,6.5116954,12.890116
629,7.03215,12.344842
630,11.2610035,13.876522
631,6.140394,13.239061
632,6.9984236,12.452024
633,6.538635,12.872338
634,6.4910426,12.913618
635,6.9730277,12.477951
636,6.993981,12.432475
637,7.012073,12.430883
638,6.884975,12.578502
639,6.8565907,12.604724
640,4.7873087,-2.7831347
641,6.560278,12.853773
642,6.5104685,12.899429
643,6.8269258,12.65609
644,6.4088273,12.991225
645,6.793057,12.605108
646,6.7803464,12.707876
647,6.802549,12.658132
648,7.113157,12.310651
649,6.0666823,13.307602
650,6.842644,12.609958
651,6.492463,12.917198
652,6.940631,12.51469
653,7.0717516,12.355612
654,7.03903,12.395936
655,7.0129504,12.428487
656,6.8718915,12.590143
657,7.225971,0.6565434
658,7.596331,1.0089698
659,7.197557,0.6353584
660,7.229783,0.66506124
661,7.2997994,0.72985387
662,7.206634,0.6366226
663,7.498252,6.419598
664,7.5667253,0.97899365
665,7.5702715,0.98290074
666,7.572519,0.9879678
667,7.575179,0.99167085
668,7.48945,0.9045458
669,7.2173734,0.6761242
670,7.4743648,0.889675
671,7.3553443,0.7807598
672,7.1734676,0.61713594
673,7.2353544,0.65776354
674,7.491093,0.90585345
675,7.262669,0.6978935
676,7.3886557,0.8048449
677,7.568892,0.9830023
678,7.4124594,0.83503366
679,7.2307715,0.66403574
680,7.554865,0.9654424
681,7.19413,0.63428944
682,7.1592093,0.6072105
683,7.2049785,0.6710384
684,7.273589,0.708373
685,7.5700274,0.9748725
686,7.206413,0.65014863
687,7.3386707,0.76719594
688,7.334902,0.76420784
689,7.5799065,0.99353915
690,7.4913583,0.90918535
691,7.353412,0.7770425
692,7.2801247,0.72277
693,7.2307234,0.6644647
694,7.24565,0.677951
695,7.312194,0.73814833
696,7.260358,0.6942921
697,-2.5241988,7.927173
698,-2.3067927,7.7716713
699,-3.0642536,7.360967
700,-2.8519719,7.1768575
701,-2.8227105,7.17647
702,-2.2185044,7.530404
703,-2.556744,7.6896687
704,-2.234217,7.7537136
705,-2.426747,7.29481
706,-2.2499106,7.2814183
707,-2.4068682,6.9125395
708,-2.1297588,7.6701264
709,-3.0049467,7.4923334
710,-2.3547187,7.370054
711,-2.7036927,7.0737615
712,-2.0638635,7.441626
713,-2.8629801,7.1960154
714,-2.5224237,7.8873525
715,-3.0650449,7.545254
716,-3.1009424,7.4842987
717,-2.735762,7.312746
718,-2.6014905,7.3818665
719,-2.6755345,7.348357
720,-2.9992316,7.2565694
721,-2.1991076,7.3891625
722,-2.3362665,7.801717
723,-2.7452793,7.7950788
724,11.531582,11.958408
725,-2.4562657,7.145972
726,-2.7250516,7.1789503
727,-2.301581,7.5040054
728,-2.5907125,7.5663095
729,-2.540915,7.321129
730,-2.0285401,7.957953
731,-2.0400903,7.422051
732,-2.137207,7.3359265
733,-2.6374397,7.567825
734,-2.5116134,7.4335375
735,-2.9230974,7.5995383
736,-2.382107,6.9824247
737,-2.678218,7.261682
738,-2.677193,7.760197
739,7.4004655,8.738069
740,-3.0941844,7.47875
741,-2.6477828,7.6282225
742,-3.0125248,7.3064556
743,-2.5049772,7.168968
744,-2.6841052,7.3715277
745,-2.9289494,7.5788126
746,-1.8987927,7.905871
747,-2.6544392,7.5585237
748,-2.38911,6.9398036
749,-2.4130237,7.078748
750,-2.2562835,7.2996655
751,-2.3818002,7.2056675
752,-2.3687549,7.3633595
753,-1.9751194,7.9415593
754,-2.2158136,7.915035
755,-2.6770446,7.3830647
756,-2.6514409,7.3431926
757,-2.7307236,7.301133
758,-2.0403073,7.918231
759,-2.6158257,7.7051096
760,-2.4906259,7.684741
761,-2.4576275,7.5532856
762,-2.105873,7.7404723
763,-2.5168545,7.5777116
764,-2.4699166,7.0127435
765,-2.5550103,7.7837477
766,-2.3069308,7.737008
767,-2.0866723,7.392428
768,-2.1537125,7.703192
769,-3.0875669,7.5095797
770,-3.0026178,7.247641
771,-2.2102373,7.7774215
772,-2.5348916,7.8330097
773,-2.857503,7.310779
774,-2.541604,7.7149496
775,-3.0252101,7.513587
776,-2.163008,7.513603
777,-2.665278,7.9054847
778,-2.3501499,7.3781266
779,-2.0893607,7.3839436
780,-2.9212627,7.6002765
781,-2.5231645,7.8820806
782,-2.714992,7.803462
783,-1.966018,7.885045
784,-2.5594192,7.8832703
785,-2.382314,7.155544
786,-2.8062708,7.1164227
787,-2.4124882,6.9401336
788,-2.675117,7.781431
789,-3.0309503,7.5390244
790,-1.9479545,7.896795
791,-2.829036,7.4142895
792,-1.9707977,7.8265452
793,-2.9540691,7.596011
794,-2.1647594,7.8374166
795,-2.271957,7.868443
796,-2.4221044,7.909317
797,-2.8145218,7.3135176
798,-2.582998,7.7617035
799,-2.58332,7.5649166
800,-2.5829642,7.4003077
801,-2.1941774,7.353936
802,-2.7439628,7.2731256
803,-2.9935765,7.2822375
804,-2.2974627,7.456694
805,-2.0581806,7.467825
806,-2.3975985,7.883962
807,-2.3255694,7.8603334
808,-2.1235127,7.690859
809,-2.041636,7.4816003
810,-2.006076,7.6600432
811,-2.9957173,7.468551
812,-2.9369874,7.201188
813,-2.2977493,7.491096
814,-2.741495,7.2595534
815,-2.8187406,7.210941
816,2.7504973,0.502476
817,-2.289377,7.777883
818,-2.1393993,7.442022
819,-3.0232563,7.3025413
820,-2.5967517,7.683465
821,-3.0721254,7.528942
822,-2.1550066,7.765941
823,-2.1243799,7.794568
824,-2.9399247,7.3866034
825,-2.0991242,7.8073897
826,-2.1869385,7.8641033
827,1.4460453,20.441921
828,0.682671,21.4802
829,1.3509849,20.040432
830,0.16563874,19.686005
831,0.26227704,20.936132
832,0.274579,20.377386
833,0.79901344,20.901175
834,-0.23370206,20.917133
835,1.3129162,20.818108
836,0.703949,21.001665
837,0.21231186,20.149738
838,0.2929425,19.935814
839,1.1028126,21.025776
840,0.77299297,21.162619
841,-0.26266655,20.661545
842,1.4482343,20.543554
843,1.5062904,19.872477
844,0.92876333,19.603037
845,0.27709055,20.056383
846,0.27241823,20.573944
847,1.0054554,19.66658
848,0.5350738,21.219223
849,1.3369628,20.682062
850,0.49834073,19.989128
851,-0.05205558,20.519478
852,-0.0830419,19.991276
853,0.82316935,20.565268
854,-0.053755682,20.869173
855,0.01727305,20.875761
856,0.33438286,21.219841
857,-0.15233326,21.141548
858,1.3723056,20.149632
859,0.51356167,19.76983
860,0.43239227,21.059338
861,0.03795091,20.30289
862,1.3209395,20.559462
863,3.6734054,-0.80235094
864,1.354907,20.530363
865,0.6019595,21.423105
866,0.7979237,20.505074
867,1.381176,20.551361
868,1.3181361,20.01299
869,1.1457093,20.528337
870,-0.08296241,19.88691
871,1.2741368,19.724222
872,1.3663359,20.505138
873,0.7860368,21.04536
874,0.25598443,20.287462
875,0.21450554,19.788158
876,-0.09695087,21.217329
877,0.46740016,21.056076
878,0.9000495,20.34806
879,0.36708274,20.465624
880,0.67160076,21.477196
881,0.40329057,21.564375
882,0.52085537,21.01839
883,-0.23580687,20.322346
884,1.2094357,20.755806
885,0.7062169,20.810339
886,1.0900173,20.708178
887,0.54444957,19.977512
888,-0.017670123,19.685112
889,0.35828966,20.515144
890,1.332507,20.672125
891,0.37355688,19.829727
892,1.0369806,19.602673
893,1.0116875,19.64656
894,-0.08634013,21.270937
895,0.5582466,21.117565
896,0.6094334,21.309395
897,-0.08838308,21.195995
898,0.40568072,20.134645
899,1.3187447,20.449884
900,1.456673,20.259985
901,1.0283302,19.450287
902,-0.09353517,20.011793
903,0.25179124,21.332186
904,1.4706767,20.324024
905,0.711751,21.194653
906,1.029784,20.463629
907,1.23588,20.12389
908,0.58875686,21.426506
909,-0.057588417,19.943132
910,0.27523568,20.423378
911,1.3415698,20.426313
912,0.56309044,19.873583
913,0.90863,20.13099
914,1.2518779,20.054846
915,1.3071148,19.639929
916,0.61467123,1.0985456
917,1.0119784,20.106735
918,0.6857873,21.403385
919,0.72210395,21.63093
920,0.2875802,19.89619
921,-0.12874462,20.929758
922,1.3230609,20.090155
923,0.1458267,19.711185
924,0.3717689,21.150051
925,0.26091087,20.81394
926,1.1331294,20.748417
927,0.6716015,20.997114
928,1.0484443,20.971174
929,1.3577733,20.055582
930,1.3510177,20.4513
931,0.28043118,19.867924
932,-0.11018395,19.904926
933,1.2175978,20.839067
934,1.356332,20.123322
935,1.0284518,19.987534
936,1.5456665,19.93125
937,0.84283286,20.964195
938,1.0077461,19.483343
939,1.113975,20.465607
940,0.3574178,20.67943
941,1.3126568,20.571259
942,0.2316481,19.951357
943,-0.21223518,20.972523
944,0.7949579,21.121157
945,0.12563932,19.73421
946,1.2767661,20.718008
947,1.0943102,20.909643
948,0.41876146,20.301912
949,0.39824113,20.060034
950,1.39426,19.577915
951,0.05746641,19.74926
952,1.1446185,19.477741
953,1.2490898,20.372324
954,0.04434654,21.07144
955,-0.11581149,19.89407
956,0.57553834,21.369423
957,0.9473503,20.45714
958,1.3473474,20.455956
959,1.401336,20.04909
960,-0.16503991,21.07236
961,-0.32736072,20.424513
962,0.15399478,20.00772
963,-0.31879961,20.388132
964,-0.012498058,19.998152
965,1.1296437,19.850222
966,0.50621665,19.754118
967,1.0239756,20.363485
968,0.6645879,19.895388
969,1.0817585,20.005669
970,1.0024087,19.426758
971,1.4460279,19.841558
972,-0.23433062,20.964424
973,0.23151372,20.454723
974,-0.09958857,20.843119
975,1.2374496,19.58247
976,0.83656067,20.7807
977,-0.051779676,19.767118
978,0.7256451,21.510775
979,-0.115993306,21.19435
980,0.7760787,21.095644
981,1.2966332,20.4743
982,0.44269294,20.64339
983,1.0739739,20.52234
984,1.1665604,19.898878
985,-0.08958222,21.199621
986,0.2370597,19.780058
987,0.29457864,20.867323
988,1.37527,20.214512
989,0.92210776,19.460245
990,0.24154761,20.931583
991,1.4193097,20.321148
992,0.21788043,20.104546
993,-0.039522644,1.3229897
994,0.6467221,21.495104
995,-0.29773125,20.408203
996,0.37794313,19.886976
997,-0.083482884,20.37763
998,0.25145236,19.780523
999,1.2423338,19.736052
1000,0.08091333,20.22045
1001,0.44256017,21.180182
1002,-0.020286534,19.77367
1003,1.1682445,19.709671
1004,0.9811602,20.144348
1005,0.8574717,19.574398
1006,0.9206838,20.051464
1007,1.1566536,20.543776
1008,0.14254577,20.253159
1009,0.50046635,20.566208
1010,0.5119663,21.237709
1011,-0.014664935,20.033234
1012,1.1549675,20.554737
1013,0.39951137,20.162275
1014,0.25481057,20.838295
1015,1.3586049,19.81411
1016,0.02736057,20.475494
1017,0.529783,20.434757
1018,1.325849,19.920616
1019,0.7796968,19.754787
1020,1.5361857,19.843029
1021,1.2947731,20.300549
1022,1.495071,20.322908
1023,0.07225658,19.716501
1024,0.32853907,20.736935
1025,1.0537968,20.03441
1026,0.91718763,19.62754
1027,0.73020095,21.287256
1028,0.72651047,21.508253
1029,0.71933913,20.347738
1030,0.009445661,20.91944
1031,1.4944236,20.083185
1032,0.4342732,20.780527
1033,1.0431484,19.52003
1034,0.6827494,21.579607
1035,0.34677178,20.581171
1036,1.4418983,20.512589
1037,0.78423685,20.172255
1038,0.5268448,19.941874
1039,1.2821964,19.509527
1040,0.6939805,21.406479
1041,0.3640354,20.47253
1042,0.15648274,21.371752
1043,0.7940963,20.124798
1044,0.092549466,19.718555
1045,0.7071435,20.421104
1046,1.2516866,19.81064
1047,0.60523605,21.589622
1048,11.481076,12.043929
1049,0.09613207,21.371483
1050,0.09616882,20.785038
1051,0.1849928,20.286964
1052,-0.02062783,19.852995
1053,1.1688768,19.57279
1054,0.7573913,21.526363
1055,-0.13416529,20.100252
1056,-0.16454618,21.084057
1057,0.4413517,20.681896
1058,0.29976046,20.028805
1059,-0.32371128,20.333942
1060,1.4166541,19.74364
1061,-0.34305343,20.560179
1062,0.51022756,21.557695
1063,0.2585652,19.931017
1064,-0.18092628,19.92389
1065,0.29638788,19.969517
1066,0.19259939,19.892654
1067,11.494819,12.047563
1068,0.7934881,20.921
1069,0.2994845,19.821249
1070,0.89575,19.961828
1071,0.39181563,20.177834
1072,0.09767565,20.556684
1073,1.0939752,20.956131
1074,1.0366727,19.501556
1075,0.21261291,20.361765
1076,-0.13245115,19.914228
1077,1.0624874,20.847315
1078,0.23189218,19.93996
1079,0.34036118,19.645147
1080,0.26743925,20.948933
1081,-0.112506226,20.467648
1082,1.3241287,20.044695
1083,0.59997034,20.021013
1084,0.09440478,20.162432
1085,0.45907816,21.09281
1086,1.0595914,19.661621
1087,0.04808215,21.01996
1088,0.20966321,19.883253
1089,0.088236734,21.174004
1090,0.42946285,20.517464
1091,0.08330209,21.044529
1092,0.245296,19.866568
1093,0.30028892,20.697447
1094,1.0756645,20.912472
1095,0.47335526,19.982723
1096,-0.10628237,21.265457
1097,0.030137582,19.812368
1098,0.09342885,20.451336
1099,0.80281657,20.836317
1100,0.3323402,20.627792
1101,-0.2441418,20.677666
1102,-0.017698128,21.250095
1103,0.10114845,21.030392
1104,-0.24667752,20.23194
1105,0.53501976,21.399563
1106,0.8608816,21.226887
1107,0.9282722,19.703184
1108,0.1328394,20.097267
1109,0.48254576,20.392757
1110,0.7065255,21.52266
1111,0.35166085,20.652243
1112,1.5907723,19.561335
1113,0.27877292,20.515121
1114,1.0312859,20.87574
1115,0.8509573,21.298561
1116,-0.057727024,21.183926
1117,0.27994192,20.518457
1118,6.670848,10.470857
1119,7.926596,8.441062
1120,6.901111,10.208962
1121,6.671141,10.472142
1122,5.3145394,-2.7314773
1123,6.7256093,10.412903
1124,6.713097,10.426791
1125,6.676403,10.463161
1126,6.7757826,10.353656
1127,6.684091,10.457162
1128,8.044331,7.644441
1129,7.988174,7.5191483
1130,6.6345024,10.506593
1131,6.69767,10.440242
1132,6.905449,10.218044
1133,7.0204225,10.005129
1134,6.69328,10.444859
1135,12.085832,2.6468658
1136,6.7049966,10.433051
1137,8.172725,7.9650183
1138,4.9373837,-2.7853699
1139,6.7057996,10.436772
1140,6.8803315,10.240792
1141,6.709777,10.429718
1142,6.6773887,10.463493
1143,6.9269404,10.166042
1144,6.945197,10.147636
1145,6.6577935,10.487101
1146,8.041636,7.5000305
1147,7.673137,8.291066
1148,6.6928034,10.44577
1149,6.6763153,10.464339
1150,8.074874,8.012331
1151,8.048509,8.029526
1152,5.500329,13.823559
1153,5.400467,13.91653
1154,5.402333,13.905587
1155,5.473612,13.811645
1156,5.5913105,13.731339
1157,5.297166,14.017064
1158,6.624103,10.533694
1159,5.613608,13.721297
1160,5.630635,13.684915
1161,5.563082,13.754414
1162,5.447571,13.870353
1163,5.4007077,13.920976
1164,5.625175,13.704443
1165,5.454394,13.861612
1166,5.441334,13.874011
1167,5.382042,13.933082
1168,5.7001925,13.640412
1169,5.517887,13.806994
1170,5.319153,13.997862
1171,5.3459053,13.971348
1172,5.547152,13.768899
1173,5.428335,13.891222
1174,5.6568985,13.684234
1175,5.3510165,13.966763
1176,5.647237,13.688343
1177,5.778034,13.57311
1178,7.0732903,12.36971
1179,5.437163,13.882903
1180,5.646783,13.687648
1181,5.35338,13.961634
1182,5.6895475,13.647154
1183,5.389691,13.927676
1184,5.6775055,13.660418
1185,5.6229715,13.706649
1186,5.5535216,13.769269
1187,5.3529963,13.965824
1188,5.6628623,13.676955
1189,5.5026464,13.815849
1190,5.575875,13.742674
1191,5.474911,13.840442
1192,5.46844,13.84866
1193,5.686019,13.656431
1194,5.656314,13.6828575
1195,5.493123,13.833087
1196,-9.09592,1.5240805
1197,-9.171173,1.6298878
1198,-9.341476,2.0680356
1199,-8.917104,1.6193472
1200,-9.382316,2.3070014
1201,-9.182713,1.7382791
1202,-9.035446,2.2417061
1203,-9.342567,2.523172
1204,-9.421876,2.363925
1205,-9.359358,2.4351778
1206,-9.379821,2.2376711
1207,-9.421848,2.3025181
1208,-8.759174,1.6387334
1209,-8.876641,2.0086596
1210,-9.073828,1.4640126
1211,-9.3585825,2.1102314
1212,-9.106704,1.9306171
1213,-8.788529,1.7808888
1214,-9.057081,1.875681
1215,-9.220111,2.029331
1216,-8.79947,1.8295517
1217,-8.988895,1.5563401
1218,-9.361285,2.4473443
1219,-9.382246,2.2889018
1220,-8.907736,1.6115849
1221,-9.099803,1.8609496
1222,-9.365506,2.2077162
1223,-9.033675,1.6433096
1224,-8.815096,1.8380228
1225,-9.119112,1.7323672
1226,-8.701476,1.8730459
1227,-9.291592,2.2792773
1228,-9.141878,1.4918187
1229,-9.105686,1.5181912
1230,-9.272021,1.7200581
1231,-8.945798,2.1839318
1232,-8.89109,1.6088947
1233,-9.061874,1.5198853
1234,-8.788589,1.6789255
1235,-8.970209,2.1452568
1236,-8.80853,1.7703339
1237,-8.722159,1.6973124
1238,-8.804435,1.8050723
1239,-8.890119,1.7419634
1240,-9.156662,1.8275038
1241,-8.882383,2.0046575
1242,-8.824191,1.7075971
1243,-8.788607,1.7228522
1244,-9.378319,1.8735174
1245,-8.995538,2.2597294
1246,-8.7839155,1.7944815
1247,-9.102561,1.9762001
1248,-9.358225,2.335762
1249,-9.355333,2.4925356
1250,-9.321276,2.283623
1251,-8.938087,1.6150955
1252,-9.253671,1.6241943
1253,-8.790497,1.8543918
1254,-8.765041,1.8244702
1255,-9.227552,1.7050129
1256,-9.30097,2.1854281
1257,-9.105339,1.4782122
1258,-8.715166,1.8777459
1259,-9.053573,2.0873618
1260,-9.309989,2.365079
1261,-9.035074,1.5389779
1262,-9.141383,2.440546
1263,-9.386022,2.4359882
1264,-8.981951,1.5927347
1265,-8.935907,1.594197
1266,-9.339094,2.5111468
1267,-8.866064,1.6918986
1268,-9.330756,2.5389132
1269,-8.829957,1.6520361
1270,-9.266801,2.2285473
1271,-9.091484,1.442603
1272,-9.360583,2.2819178
1273,-9.349273,2.2705016
1274,-9.329855,1.9281025
1275,-8.990249,1.572
1276,-9.246335,2.1135159
1277,-9.10585,1.5268085
1278,-9.278613,2.4929113
1279,-9.374173,2.3423436
1280,-8.882709,1.6049565
1281,-9.092908,1.6476856
1282,-8.916607,1.6311057
1283,-9.021165,1.4465412
1284,-8.936325,1.5700753
1285,-9.12273,2.1258154
1286,-8.792742,1.7251644
1287,-9.332591,2.5279043
1288,-9.034818,2.336555
1289,-9.370524,1.8881376
1290,-2.7533672,-5.758315
1291,-1.909898,-5.675788
1292,-1.9969895,-5.752559
1293,-1.7909433,-5.7047644
1294,-2.642222,-6.0811677
1295,-2.6376116,-6.017978
1296,-1.7883031,-5.6659584
1297,-2.9199524,-5.676441
1298,-2.915518,-5.704653
1299,-1.9706829,-5.6726265
1300,-2.8089645,-5.700742
1301,-2.9391954,-5.651843
1302,-1.9771357,-5.7483582
1303,-2.8410232,-5.8824015
1304,-2.8089654,-5.624879
1305,-2.6881444,-5.935161
1306,-2.6018174,-6.104693
1307,-2.910957,-5.8324194
1308,-2.60443,-6.072549
1309,-2.8476758,-5.574109
1310,-1.9438466,-5.7861104
1311,-2.7368517,-5.6559176
1312,-1.7607814,-5.7734914
1313,-1.9763204,-5.69835
1314,-1.7441173,-5.7276726
1315,-2.7631924,-5.516268
1316,-2.9476922,-5.715407
1317,-2.7728932,-5.8975124
1318,-2.8022504,-5.5610356
1319,-2.7805705,-5.7766166
1320,-2.75945,-5.7020226
1321,-1.8855536,-5.6801486
1322,-2.9722471,-5.770407
1323,-1.7603503,-5.70927
1324,-2.6876922,-5.909382
1325,-2.6801245,-5.9381323
1326,-2.9071064,-5.7012243
1327,-2.6992671,-5.547976
1328,-1.7893541,-5.6725388
1329,-2.994545,-5.6738343
1330,-1.8923402,-5.6857753
1331,-2.6469662,-5.983873
1332,-2.969355,-5.7281885
1333,-2.5928903,-5.9308643
1334,-2.595026,-6.074533
1335,-1.8222817,-5.702282
1336,-1.791815,-5.7646885
1337,-1.7952806,-5.6677637
1338,-2.0108957,-5.7864685
1339,-1.9690728,-5.7611485
1340,-1.7585834,-5.691824
1341,-2.6084137,-6.059451
1342,-2.1501198,-5.8609543
1343,-2.800306,-5.9250307
1344,-1.827971,-5.7133827
1345,-1.8001586,-5.668329
1346,-2.729198,-5.6516747
1347,-2.99594,-5.6836476
1348,-1.7651135,-5.726799
1349,-1.9986353,-5.7576914
1350,-2.8917916,-5.629161
1351,-2.579959,-6.0824733
1352,-2.8594382,-5.6746144
1353,-1.8483114,-5.6495585
1354,-1.8870595,-5.6686063
1355,-2.9832704,-5.6893377
1356,-2.8714378,-5.5932965
1357,-2.6174474,-5.983688
1358,-2.9639695,-5.6504083
1359,-2.6410627,-5.9453783
1360,-2.0493367,-5.8040557
1361,-2.8868747,-5.732742
1362,-2.6796188,-5.580937
1363,-1.7843884,-5.7051682
1364,-2.958928,-5.7623515
1365,-2.3598533,-5.6611795
1366,-2.8621223,-5.861956
1367,-2.7164164,-5.861613
1368,-2.8948047,-5.857798
1369,-2.0085979,-5.768657
1370,-2.8704972,-5.748759
1371,-2.3914483,-5.939202
1372,-2.8489616,-5.8854575
1373,-2.047145,-5.69799
1374,-1.8036741,-5.697935
1375,-0.110127814,1.086137
1376,0.07253983,1.2519885
1377,0.073050454,1.3477519
1378,0.15843445,1.0115459
1379,-0.11002984,1.3808628
1380,0.04418925,1.0457649
1381,0.007923029,1.2329223
1382,0.087371446,1.0840596
1383,0.17129768,0.6877395
1384,-0.04765866,1.2778664
1385,-0.020565318,0.9923471
1386,0.21186605,0.60261524
1387,0.12486571,1.2232755
1388,-0.08234754,1.4060568
1389,0.120112285,1.2730314
1390,0.12857227,1.306673
1391,0.23022817,0.5855602
1392,0.21149041,0.6030037
1393,0.00400093,1.2838216
1394,0.090660505,1.1925441
1395,0.15507923,1.1995881
1396,-0.0069631455,1.3635058
1397,0.2037596,0.6161106
1398,0.013825923,1.2816927
1399,0.18503068,1.108944
1400,0.13403158,1.133747
1401,-0.104581855,1.3279486
1402,0.16353805,1.146681
1403,0.06879049,1.3045189
1404,0.25229773,0.5635105
1405,0.0764194,1.1897455
1406,0.03590743,1.0690725
1407,0.21104713,0.5952512
1408,-0.11337402,1.1349294
1409,0.12869354,1.0259664
1410,0.05490476,1.1465257
1411,0.1237545,1.2424403
1412,-0.0016540408,1.2979883
1413,0.019064762,1.3265281
1414,-0.068583935,0.99198955
1415,0.22534604,0.621462
1416,0.0896094,1.1301261
1417,4.510651,-2.6959794
1418,0.22547734,0.58788115
1419,0.02106492,0.8927713
1420,0.16166529,1.16801
1421,-0.11856647,1.2219783
1422,0.03130793,1.1129987
1423,0.13947742,0.69947326
1424,19.821009,14.886068
1425,19.270237,15.021469
1426,19.33667,15.087703
1427,19.03454,12.839873
1428,19.736599,15.141782
1429,19.146063,13.521293
1430,19.930408,15.291524
1431,19.838242,15.00044
1432,20.07575,15.149591
1433,19.249691,15.007402
1434,19.973835,15.15252
1435,19.540436,15.178328
1436,19.309462,15.1797905
1437,19.396288,14.877756
1438,19.463467,14.593395
1439,19.589392,14.80312
1440,19.386461,15.172254
1441,19.214357,15.129337
1442,19.298841,14.979289
1443,19.942226,15.269299
1444,19.882366,15.292116
1445,19.969559,15.035416
1446,19.82878,15.120157
1447,19.583717,15.144029
1448,19.853577,15.223156
1449,19.399847,15.1670265
1450,19.474796,15.143759
1451,19.42922,15.19593
1452,19.88387,15.011057
1453,19.567234,15.184245
1454,19.302559,15.023846
1455,19.98846,15.171884
1456,19.868296,14.939571
1457,19.513771,14.514379
1458,19.983011,15.133821
1459,19.394411,15.172278
1460,19.214367,15.1571
1461,20.065928,15.261857
1462,19.25788,15.110677
1463,19.670929,15.077422
1464,19.176525,15.028649
1465,20.068033,15.160819
1466,20.031921,15.115442
1467,19.487911,14.635767
1468,19.236317,15.157606
1469,20.005182,15.054668
1470,20.002907,15.155884
1471,20.101755,15.102804
1472,20.058323,15.315258
1473,19.191196,15.116699
1474,19.919601,15.254149
1475,19.638807,15.217569
1476,20.013494,15.169029
1477,19.406767,14.667961
1478,19.83359,15.214585
1479,19.276169,15.12274
1480,19.843632,15.24137
1481,19.29495,15.105396
1482,19.195997,15.148129
1483,19.360292,15.0552845
1484,19.330418,14.756019
1485,19.441023,14.516699
1486,19.773794,15.259085
1487,19.377586,15.190602
1488,19.40539,15.031246
1489,20.08195,15.166228
1490,19.751673,15.225864
1491,19.308392,15.113133
1492,19.729515,14.886963
1493,19.444857,14.698999
1494,19.420963,14.535558
1495,19.43143,14.632522
1496,1.7053348,19.485182
1497,19.99667,15.1833315
1498,19.8557,15.062038
1499,20.023872,15.268385
1500,19.289444,15.054122
1501,19.692604,15.1964855
1502,19.747839,15.056856
1503,19.568857,15.21673
1504,20.000679,15.22711
1505,19.318018,15.151604
1506,19.73368,15.214715
1507,19.212162,15.065651
1508,19.796001,15.2524605
1509,19.978588,15.092502
1510,19.94298,15.174273
1511,19.894388,15.166763
1512,19.77812,14.892644
1513,19.39556,13.977298
1514,19.324884,15.07636
1515,19.797153,14.870468
1516,19.849463,15.068879
1517,20.029362,15.068747
1518,19.738052,15.062114
1519,19.702291,14.970328
1520,20.036566,15.03687
1521,19.91902,14.947184
1522,19.43834,14.645313
1523,20.033882,15.169201
1524,19.900375,15.153
1525,20.02359,15.117649
1526,7.4756002,8.580963
1527,7.4961348,7.521044
1528,7.2027187,7.4112997
1529,7.305899,8.160332
1530,7.389576,6.569098
1531,7.4414573,8.82902
1532,6.6502256,7.5285726
1533,7.341363,8.047349
1534,7.062563,7.5921288
1535,6.6282873,7.345658
1536,11.184084,13.722619
1537,7.3033876,8.364657
1538,7.6033654,8.729534
1539,7.8866644,7.4204755
1540,7.6851873,8.61824
1541,7.305778,8.37962
1542,7.292199,8.507993
1543,7.1648283,7.6767807
1544,6.531152,7.2761784
1545,7.0186405,7.024425
1546,7.683933,7.165943
1547,6.8674755,6.5606604
1548,6.578754,7.16636
1549,6.5580397,7.2442985
1550,7.04736,7.2337437
1551,7.791321,7.5247555
1552,7.5216618,7.594161
1553,7.643842,8.661998
1554,7.864916,8.271735
1555,7.3604407,8.037702
1556,6.5120583,7.256294
1557,7.1816826,6.7918363
1558,7.6456685,6.958794
1559,7.342059,7.949252
1560,6.496929,7.222031
1561,7.182925,7.570306
1562,7.725072,7.3979483
1563,7.5998445,8.723385
1564,6.980595,7.7846456
1565,7.380604,6.9697566
1566,6.5201187,7.274466
1567,7.482797,8.571271
1568,7.831986,8.286562
1569,7.0128584,7.4777794
1570,7.76554,7.380652
1571,7.157105,7.8695145
1572,6.803468,7.145613
1573,7.149334,7.400963
1574,7.439824,6.5512753
1575,7.3798738,6.4930887
1576,7.8711066,7.619496
1577,6.60732,7.3978143
1578,7.1818147,6.8408623
1579,7.5811744,8.655645
1580,6.9898176,7.0673356
1581,7.505695,8.098665
1582,7.180784,7.4531374
1583,7.642926,8.623597
1584,6.7673287,7.127645
1585,6.86071,7.633319
1586,7.140481,7.4113164
1587,7.268557,7.938456
1588,7.0988607,7.7964654
1589,7.544511,7.1320224
1590,4.563541,-2.513433
1591,6.970584,6.6990047
1592,7.7667894,8.529605
1593,6.837983,7.5520477
1594,7.0090804,6.561006
1595,7.138022,6.9062405
1596,7.359876,8.045902
1597,7.570992,8.617741
1598,7.286938,8.091969
1599,7.189213,7.0096545
1600,7.2420354,7.2256207
1601,11.517095,11.968198
1602,7.637167,8.641411
1603,7.3301663,8.673871
1604,7.6629,7.07734
1605,7.6097775,6.716804
1606,6.898783,6.5676575
1607,6.6258345,7.5510592
1608,7.272015,8.0335865
1609,7.5840693,7.5164084
1610,7.288256,7.103217
1611,7.218233,6.678948
1612,7.140688,7.11056
1613,6.9200025,6.6510577
1614,7.663802,8.578505
1615,7.207254,7.654513
1616,7.691647,6.809855
1617,7.1587944,7.1087766
1618,6.8715296,7.2535434
1619,7.208157,6.7416244
1620,7.2992187,7.261392
1621,6.457174,7.299029
1622,7.4125385,6.5275455
1623,7.425511,6.5572615
1624,7.402425,6.6484547
1625,6.595096,7.4662743
1626,6.4962044,7.348791
1627,7.544319,7.9240003
1628,7.362353,7.9387283
1629,7.7619424,7.143044
1630,7.5963855,7.3734355
1631,8.004391,7.8484163
1632,6.5595207,7.419778
1633,1.691226,19.491756
1634,6.478949,7.2967324
1635,7.265874,7.217375
1636,7.893,7.2144003
1637,7.654376,8.599825
1638,7.6423125,8.652111
1639,7.348877,6.914686
1640,7.679413,7.1123314
1641,7.307176,7.4980707
1642,7.20187,7.954099
1643,6.911819,7.311429
1644,7.572396,7.1094284
1645,7.6659822,8.641844
1646,7.7297807,8.530774
1647,7.664133,8.580572
1648,7.2249537,7.280985
1649,7.2910485,6.690321
1650,7.8900533,7.6336474
1651,6.785405,7.498346
1652,7.084372,7.566395
1653,7.0987782,7.635796
1654,7.021648,7.5751514
1655,7.638439,7.407581
1656,7.82045,7.209646
1657,6.936017,6.880371
1658,6.9900374,7.5729666
1659,7.38003,8.579032
1660,7.2684402,7.9125733
1661,7.8453135,7.1470785
1662,7.434388,7.7832847
1663,6.8811507,7.4318542
1664,7.540778,8.2168865
1665,7.3634396,8.068902
1666,6.9174523,6.571951
1667,7.25648,7.7073965
1668,7.3936954,7.6875954
1669,6.917639,6.688213
1670,7.321181,7.900292
1671,6.6072125,7.1975117
1672,6.6735935,7.536667
1673,6.949728,7.0991387
1674,6.4550323,7.331265
1675,6.6500287,7.477079
1676,7.4022465,8.222746
1677,7.935626,7.689776
1678,7.4425387,8.152616
1679,7.0000424,7.52156
1680,7.368063,7.258395
1681,6.93913,6.579022
1682,7.9571037,7.6676364
1683,7.42514,6.5839043
1684,7.15417,6.820215
1685,7.827185,7.0619006
1686,7.7444186,7.193773
1687,6.8676357,6.621322
1688,7.6852493,8.627842
1689,6.628202,7.32564
1690,7.489811,6.500449
1691,7.849302,7.170339
1692,7.7843676,7.488558
1693,7.5986357,7.11916
1694,6.9137416,6.551636
1695,6.7808657,7.28187
1696,7.3450804,7.7815394
1697,7.2296643,7.190377
1698,6.6620893,7.288391
1699,7.9028616,7.606199
1700,7.626356,8.570147
1701,7.815747,7.533087
1702,7.3236895,8.405039
1703,7.3098216,7.8124537
1704,7.442269,7.465011
1705,7.712175,8.54755
1706,7.585625,7.3765054
1707,6.5978174,7.2511044
1708,7.6205854,6.8520875
1709,6.495257,7.36105
1710,6.5353665,7.306045
1711,7.2101994,7.160516
1712,7.1168895,6.6962905
1713,7.7400575,7.295501
1714,6.6230636,7.391351
1715,7.331588,7.058445
1716,7.642995,8.629711
1717,6.605029,7.3778467
1718,7.1910157,8.127736
1719,7.1565228,7.4960613
1720,7.144957,7.185021
1721,7.1863656,7.9297495
1722,7.280823,7.891256
1723,7.4257197,6.5278234
1724,7.230315,7.132325
1725,7.2448874,6.989221
1726,7.3367195,8.001543
1727,7.245892,7.5539837
1728,6.6844163,7.326412
1729,6.8261766,7.159668
1730,7.2082324,7.0537777
1731,7.439607,7.4037833
1732,7.6212144,6.8903537
1733,7.6236625,8.617817
1734,7.2973604,7.736947
1735,7.3867903,7.8739686
1736,7.0752964,7.077893
1737,7.4589806,6.5154276
1738,7.9037385,7.506143
1739,7.85849,7.299329
1740,7.303371,6.894183
1741,6.52458,7.343062
1742,7.326501,7.9994335
1743,3.1289783,0.31983706
1744,3.0505147,-0.07791216
1745,3.4757268,-0.39653647
1746,3.070291,-0.17488512
1747,3.106009,0.31344342
1748,10.028937,-2.3041706
1749,3.1027944,0.2787601
1750,7.134686,0.42911604
1751,3.3838031,-0.30912557
1752,3.1168587,0.34883854
1753,3.1473906,0.3632245
1754,3.296187,0.10593539
1755,3.0474172,-0.17308146
1756,3.3345792,-0.2897168
1757,3.1834939,0.44184685
1758,3.4193983,-0.33893642
1759,3.4453814,-0.3198833
1760,3.1499176,-0.22372012
1761,3.0625148,0.28663325
1762,3.4353719,-0.37628606
1763,3.3827245,-0.25896773
1764,3.1101975,0.26345208
1765,3.1218839,-0.21825574
1766,3.223435,0.24479383
1767,3.6481311,-0.7544775
1768,3.1276834,0.08883828
1769,3.002265,0.24601279
1770,3.6845133,-0.8168927
1771,3.0493398,-0.15058894
1772,3.132137,-0.19015454
1773,3.5392683,0.3174149
1774,3.0317154,0.2604541
1775,3.365506,-0.291164
1776,3.1703467,0.19791134
1777,7.045173,8.419123
1778,3.4324062,-0.32037267
1779,11.433476,12.022261
1780,3.0888042,0.21514171
1781,3.1658037,0.41010362
1782,3.364268,-0.06343215
1783,3.009607,-0.107174024
1784,3.0878875,0.19772387
1785,3.182903,0.43020213
1786,3.6912587,-0.83618873
1787,3.4096515,-0.32487357
1788,3.7011216,-0.84511995
1789,3.4041195,-0.3095918
1790,3.1032763,0.29355544
1791,3.054442,0.23861788
1792,3.2313678,0.1939469
1793,3.1370752,-0.21648304
1794,3.1086934,0.25072828
1795,3.6940563,-0.8279492
1796,3.2098396,-0.048933834
1797,3.3443015,-0.010251083
1798,3.42565,-0.3017313
1799,3.3533425,-0.30359164
1800,3.387858,-0.28321132
1801,3.3189569,0.030684335
1802,3.136039,0.36496234
1803,3.6246421,-0.7296784
1804,3.2718732,0.3857238
1805,3.4583886,0.34012768
1806,3.158507,0.3482075
1807,6.9629884,8.146895
1808,3.3448768,-0.28081203
1809,3.3592107,-0.26851988
1810,3.1544225,0.43299216
1811,3.1120486,-0.15531299
1812,3.2174435,0.1303734
1813,7.659328,6.3345
1814,3.1226282,-0.20496562
1815,5.375408,-2.7143383
1816,3.276202,0.3786566
1817,3.4216154,-0.24784428
1818,10.469487,-2.5101073
1819,11.258625,-3.877665
1820,11.250843,-2.9453678
1821,11.578974,-3.6151683
1822,11.305385,-3.4178345
1823,10.869026,-4.579325
1824,10.81773,-3.9693587
1825,11.268809,-3.3157988
1826,11.120821,-3.7494824
1827,10.9358635,-3.178107
1828,12.287989,-4.9468846
1829,12.280123,-4.8665953
1830,11.780008,-4.674264
1831,11.84825,-5.061704
1832,12.207387,-4.5309653
1833,11.521445,-5.235155
1834,11.955187,-4.3223906
1835,12.241252,-4.578374
1836,11.802806,-4.607354
1837,11.766941,-4.643171
1838,11.841836,-4.6229014
1839,11.829134,-4.6163588
1840,12.107342,-4.631015
1841,11.88703,-4.346176
1842,11.253612,-4.7253704
1843,11.439319,-4.745888
1844,11.46839,-4.6914163
1845,12.216475,-4.982068
1846,12.286463,-4.9316454
1847,11.770802,-4.6033783
1848,12.232887,-4.5595407
1849,12.230163,-4.72604
1850,12.049296,-4.6138887
1851,11.929626,-4.322949
1852,11.762393,-4.5822787
1853,11.916207,-4.2633095
1854,11.503113,-5.225596
1855,11.522852,-4.719416
1856,11.494044,-4.7444654
1857,12.293419,-4.935095
1858,12.031794,-5.0607753
1859,12.235617,-4.6070395
1860,12.226686,-4.5858464
1861,11.510329,-5.22475
1862,11.513482,-5.2362313
1863,12.284967,-4.9348006
1864,12.265621,-4.8687816
1865,11.503481,-5.2048006
1866,11.5125065,-4.6807528
1867,11.473979,-5.190456
1868,12.312872,-4.931558
1869,12.317178,-4.9441347
1870,11.519025,-5.2147455
1871,11.517525,-5.226906
1872,10.820313,-3.8946388
1873,11.000403,-4.099804
1874,11.235931,-2.8375318
1875,11.177451,-3.823707
1876,10.9959545,-4.681815
1877,10.972903,-3.3343828
1878,11.221758,-2.8985431
1879,10.480895,-2.474015
1880,11.498819,-3.217956
1881,11.021437,-3.2298439
1882,11.071669,-4.146641
1883,11.323491,-3.9324877
1884,10.209519,-2.587908
1885,10.175844,-2.3609416
1886,10.988601,-2.9410214
1887,10.9882765,-3.6363623
1888,5.4092193,-2.7856333
1889,10.841899,-4.5938873
1890,10.740817,-4.5218644
1891,5.289542,-2.814135
1892,11.535639,-3.0741556
1893,11.192565,-3.7676885
1894,11.555205,-3.0996337
1895,11.666973,-3.4048793
1896,11.578492,-4.5790677
1897,11.296847,-3.062434
1898,11.282278,-3.3343637
1899,11.294616,-3.0778184
1900,11.026497,-3.0323458
1901,11.477829,-3.510334
1902,11.027079,-4.0527887
1903,10.933011,-4.010675
1904,11.325359,-3.9084108
1905,10.766969,-3.0034604
1906,11.388694,-3.4032226
1907,10.266438,-2.4579685
1908,10.646202,-2.5666547
1909,11.285869,-4.0200377
1910,11.72649,-3.1196008
1911,10.87836,-4.5949388
1912,11.191265,-4.0035048
1913,10.895642,-4.575576
1914,10.389754,-2.556116
1915,11.21651,-2.8849828
1916,10.7587185,-3.0650244
1917,11.317743,-3.162493
1918,10.962056,-3.873676
1919,11.183669,-3.134586
1920,11.482883,-3.0014927
1921,5.369445,-2.7723038
1922,11.732686,-3.232742
1923,11.672732,-4.6194086
1924,10.435377,-2.4594195
1925,10.868048,-4.5542765
1926,10.541881,-3.39292
1927,11.591319,-3.5813212
1928,11.549276,-3.0982301
1929,10.874807,-4.387521
1930,11.584724,-3.6805506
1931,4.833492,-2.8804884
1932,5.331225,-2.7832983
1933,11.270294,-4.0712214
1934,11.103235,-3.8902152
1935,11.599486,-4.530559
1936,10.059125,-2.4696088
1937,10.7014475,-2.662593
1938,10.103077,-2.384464
1939,10.793472,-2.902219
1940,11.34426,-3.0184977
1941,10.922167,-3.2836797
1942,10.004653,-2.2831123
1943,10.849686,-4.522177
1944,10.6003685,-2.5425105
1945,10.636556,-2.8986483
1946,11.28333,-3.4402082
1947,10.417561,-2.6766832
1948,11.135393,-3.676221
1949,9.968357,-2.3191953
1950,10.24043,-2.4790184
1951,11.195051,-3.300749
1952,10.796397,-4.5318327
1953,5.3620887,-2.7740555
1954,11.5774555,-2.9141264
1955,10.997718,-4.582552
1956,11.32893,-3.9264023
1957,10.9293,-4.639905
1958,11.383914,-3.1502526
1959,11.436346,-2.9172761
1960,11.434007,-3.7726727
1961,10.650757,-3.646305
1962,10.838408,-3.8797696
1963,11.174487,-2.9553537
1964,11.462146,-3.4972079
1965,11.027727,-4.627748
1966,11.397404,-3.263671
1967,11.344898,-3.8958545
1968,10.053999,-2.4041336
1969,5.3629684,-2.7681558
1970,11.327323,-3.4877977
1971,10.740954,-4.41881
1972,11.569756,-2.920515
1973,10.704466,-3.5807896
1974,11.272836,-3.4200828
1975,4.8174176,-2.9000955
1976,10.590004,-2.485724
1977,10.95187,-4.553128
1978,11.563131,-3.5900493
1979,10.506891,-2.4640048
1980,11.181395,-4.7489085
1981,11.162309,-4.719152
1982,5.3225484,-2.805785
1983,10.925692,-4.3304977
1984,11.595817,-3.721603
1985,5.360131,-2.773727
1986,11.534392,-3.0867863
1987,11.499491,-3.523608
1988,10.039033,-2.42865
1989,10.5793915,-2.4749851
1990,10.9711685,-4.139486
1991,11.193241,-3.7391815
1992,11.560613,-4.659234
1993,4.8877215,-2.9166615
1994,10.625058,-2.77039
1995,10.802813,-3.1218188
1996,11.364117,-4.548724
1997,10.980409,-4.1017756
1998,11.360351,-4.4669757
1999,11.639737,-3.4080584
2000,10.475531,-2.440861
2001,5.3237844,-2.8089733
2002,11.198051,-3.9249845
2003,11.267544,-4.051136
2004,10.611117,-2.5172958
2005,11.723939,-3.1719623
2006,11.380703,-3.69515
2007,11.05164,-3.1002035
2008,11.154142,-4.352274
2009,12.305201,-4.942657
2010,11.091436,-3.0104897
2011,10.866323,-3.1293879
2012,11.25616,-3.9571636
2013,11.497897,-2.990197
2014,10.633537,-2.4994519
2015,10.643729,-3.476178
2016,10.804768,-3.207045
2017,10.184672,-2.4031289
2018,11.074135,-3.2170084
2019,10.015823,-2.304222
2020,11.436163,-3.4718764
2021,11.143402,-4.3450313
2022,11.311497,-4.0186114
2023,10.79232,-4.419672
2024,10.477082,-2.4567726
2025,11.100793,-2.8957143
2026,11.309858,-3.6723077
2027,11.456723,-2.9330354
2028,10.89093,-4.3882575
2029,11.010207,-2.9878726
2030,11.670772,-3.5248895
2031,10.8028,-4.009564
2032,10.499542,-2.4976737
2033,9.957985,-2.345146
2034,10.646069,-3.4547377
2035,4.782824,-2.911427
2036,10.993709,-4.2648277
2037,10.231412,-2.441271
2038,11.600011,-2.95674
2039,11.001764,-4.0790687
2040,11.265284,-4.067471
2041,10.7747965,-3.1998553
2042,10.593614,-2.4818323
2043,4.763789,-2.8608232
2044,11.641474,-3.39397
2045,10.922782,-4.085575
2046,10.786493,-4.430805
2047,11.095665,-3.0915127
2048,11.602139,-3.5311186
2049,9.961767,-2.3157635
2050,10.889917,-4.5331836
2051,11.546786,-3.475116
2052,11.251967,-3.4768593
2053,10.89834,-4.5983467
2054,10.48368,-2.479488
2055,11.129736,-3.6989958
2056,11.466124,-3.5012257
2057,11.389102,-2.9900434
2058,11.203724,-4.9218693
2059,11.126587,-3.5503693
2060,4.7734995,-2.8950737
2061,10.295003,-2.3836026
2062,11.32156,-2.8889642
2063,11.671886,-3.4831536
2064,10.269755,-2.385737
2065,11.529566,-2.980098
2066,11.201124,-2.855336
2067,11.528995,-3.1718907
2068,11.237622,-3.0581462
2069,11.118051,-2.8854446
2070,10.29499,-2.3955524
2071,11.2010145,-2.9505854
2072,9.966204,-2.3279374
2073,10.070907,-2.4423184
2074,10.963665,-3.9368982
2075,13.023835,21.933868
2076,12.638061,21.59605
2077,12.542415,21.41145
2078,12.99189,21.86331
2079,12.616519,21.541012
2080,12.653488,21.414818
2081,12.664199,21.545702
2082,12.409675,20.820698
2083,12.399434,21.233326
2084,12.55518,21.710293
2085,12.40137,21.243284
2086,12.720464,21.504223
2087,12.4026575,20.576221
2088,12.849724,21.719318
2089,12.912835,21.86428
2090,12.360203,20.56799
2091,12.935156,21.751137
2092,12.48115,21.661272
2093,12.562245,21.679901
2094,12.841833,21.712378
2095,12.665135,21.587723
2096,12.690445,21.660925
2097,12.767687,21.65176
2098,12.959605,21.816236
2099,12.3844795,20.593958
2100,12.38518,20.680338
2101,12.426121,20.654016
2102,12.951215,21.872076
2103,12.748621,21.590258
2104,12.645811,21.49864
2105,12.38851,20.598404
2106,12.404019,20.611385
2107,12.664849,21.519558
2108,12.485125,21.348043
2109,12.820026,21.902248
2110,12.445123,21.455242
2111,12.692652,21.521343
2112,12.586245,21.679008
2113,12.883148,21.674479
2114,12.684869,21.723957
2115,12.393805,21.237932
2116,12.515018,21.728998
2117,12.59393,21.782011
2118,12.944603,21.878895
2119,12.597545,21.52724
2120,12.889039,21.75018
2121,12.51305,21.468063
2122,12.9899235,21.857042
2123,12.555123,21.618898
2124,12.523459,21.573246
2125,12.712359,21.66516
2126,12.755335,21.745626
2127,12.636199,21.6507
2128,12.700568,21.587751
2129,12.76802,21.558128
2130,12.512028,21.484238
2131,12.392774,20.633621
2132,12.455947,21.197525
2133,12.662841,21.760357
2134,12.522443,21.458426
2135,12.918483,21.850838
2136,12.407335,21.246054
2137,12.507113,21.671892
2138,12.884308,21.749014
2139,12.713482,21.852846
2140,12.402011,20.591105
2141,12.96516,21.88075
2142,12.401016,21.252958
2143,12.831231,21.752373
2144,12.394499,21.217815
2145,12.894734,21.805046
2146,12.401508,20.61018
2147,12.39773,20.620193
2148,12.712277,21.488546
2149,12.791142,21.672508
2150,12.404483,20.605173
2151,12.744484,21.702625
2152,12.38012,20.610733
2153,12.712036,21.558372
2154,12.43432,21.260498
2155,12.4044485,21.255716
2156,12.517457,21.49183
2157,12.514875,21.391619
2158,12.492224,21.315458
2159,12.902701,21.846249
2160,12.938262,21.794102
2161,12.575815,21.762817
2162,12.378588,20.676136
2163,12.407479,20.643286
2164,12.417243,21.252127
2165,12.572377,21.592718
2166,12.680277,21.499084
2167,12.572869,21.635422
2168,12.611281,21.448448
2169,12.515371,21.581514
2170,12.387759,20.585577
2171,10.363499,13.019822
2172,10.897784,13.2197275
2173,10.550538,13.0892105
2174,10.810504,12.727907
2175,10.637787,13.344688
2176,10.468647,13.245948
2177,10.862676,13.322174
2178,10.916287,13.29948
2179,11.565647,11.919098
2180,11.299121,13.756006
2181,10.946897,13.30295
2182,10.655538,13.308409
2183,11.188336,13.587789
2184,7.588116,8.128885
2185,11.049299,13.142739
2186,10.44116,13.267029
2187,11.512424,12.01882
2188,10.706474,13.317616
2189,10.635052,13.055362
2190,4.7032685,-2.7323081
2191,10.46312,13.116903
2192,4.7128124,-2.7376993
2193,11.448306,14.17677
2194,11.190608,13.534257
2195,10.988513,13.563596
2196,10.960623,13.343535
2197,10.848808,13.1830015
2198,4.7979684,-2.777079
2199,10.97857,13.197169
2200,10.362431,13.129195
2201,10.65856,12.972413
2202,10.748078,13.381769
2203,10.461472,13.195909
2204,11.080932,13.399032
2205,10.574102,13.227481
2206,11.497961,12.030224
2207,10.975914,13.447396
2208,10.446202,13.122969
2209,10.731401,13.368249
2210,10.583891,13.0083885
2211,10.931943,13.2496605
2212,10.839362,13.248189
2213,11.125197,13.353486
2214,11.09837,13.444702
2215,10.578346,13.262247
2216,10.98396,13.235781
2217,10.379792,13.065504
2218,10.60417,13.085229
2219,4.679195,-2.6987529
2220,10.604206,13.120719
2221,10.340189,13.110459
2222,10.642994,13.205689
2223,11.069581,13.618491
2224,10.437552,12.951279
2225,10.577309,12.950393
2226,10.428584,13.173352
2227,10.45365,13.166031
2228,11.500876,12.012307
2229,10.539335,13.240445
2230,10.363332,13.15732
2231,11.054735,13.469066
2232,10.7961235,13.140347
2233,10.707397,13.124999
2234,10.96846,13.273023
2235,10.9825325,13.276094
2236,10.9526005,13.456756
2237,10.782794,13.265493
2238,11.476277,11.999577
2239,4.863078,-1.2401795
2240,5.160764,-0.92695093
2241,5.1265616,-0.95005006
2242,4.954265,-0.75469095
2243,4.910958,-1.1683383
2244,5.0371847,-0.943407
2245,4.983512,-1.0682453
2246,5.16242,-0.8606443
2247,4.90576,-0.43331316
2248,5.160898,-0.84406126
2249,4.672216,-2.6305418
2250,5.072461,-0.85396224
2251,5.187257,-0.7560101
2252,5.111273,-0.88405865
2253,5.0954323,-0.7602843
2254,4.909252,-1.1836767
2255,5.175982,-0.82248104
2256,4.891412,-1.2039504
2257,4.9182653,-1.1241215
2258,7.0031,0.45540175
2259,5.086942,-0.7920249
2260,5.1298203,-0.87936807
2261,4.9860377,-0.48135072
2262,4.961171,-0.49844122
2263,10.814709,3.4067893
2264,5.005453,-0.49407336
2265,7.0723176,0.4934618
2266,5.1253242,-0.90112966
2267,4.6227465,-2.2202055
2268,5.032609,-0.8902339
2269,4.9322667,-0.7000443
2270,4.9414854,-1.1159779
2271,4.8659906,-0.6880375
2272,5.011498,-1.0074028
2273,4.8695908,-0.66759014
2274,4.8337307,-1.2693073
2275,5.0510216,-0.75577545
2276,4.6384034,-2.6058168
2277,5.113347,-0.8016608
2278,5.0026026,-0.9716852
2279,5.140826,-0.92226124
2280,4.8602448,-1.2383833
2281,5.0782967,-0.91319436
2282,19.198767,12.904864
2283,18.963823,12.620796
2284,19.270533,13.012005
2285,18.972189,12.610017
2286,18.958017,12.586596
2287,18.914652,12.54685
2288,18.926804,12.563374
2289,19.238186,12.88342
2290,19.027826,12.714264
2291,1.6704605,19.502089
2292,19.257254,12.994391
2293,19.084217,12.753375
2294,19.262815,12.990939
2295,11.698485,11.759931
2296,11.685633,11.777012
2297,19.217463,12.94141
2298,19.010511,12.675056
2299,18.906118,12.541034
2300,1.7224584,19.452652
2301,18.969349,12.606438
2302,19.004795,12.605872
2303,19.029322,12.692003
2304,18.882166,12.519914
2305,11.64885,11.811031
2306,19.09634,12.773945
2307,19.21913,12.960425
2308,19.247822,12.977805
2309,11.650704,11.809514
2310,18.909246,12.544192
2311,11.676648,11.785542
2312,11.609856,11.869883
2313,19.057348,12.715171
2314,19.016674,12.666615
2315,11.666169,11.831463
2316,11.644421,11.793877
2317,18.987513,12.634269
2318,19.226305,12.904084
2319,19.049843,12.733084
2320,19.219404,12.928599
2321,19.244776,12.978665
2322,11.692642,11.766424
2323,18.954136,12.585659
2324,19.053358,12.713838
2325,11.6783905,11.78047
2326,19.243876,12.974853
2327,19.202312,12.915624
2328,14.14222,7.059134
2329,14.103339,6.9290414
2330,14.117373,6.9143686
2331,14.139091,7.0151763
2332,14.049406,6.8690515
2333,12.010195,2.736108
2334,12.347639,3.4920542
2335,11.888616,3.4669092
2336,12.402881,3.8380635
2337,12.11399,3.5181968
2338,12.189506,2.8540468
2339,12.285862,3.3214417
2340,12.116857,4.0960627
2341,11.985802,3.479224
2342,12.078066,3.494714
2343,12.206472,3.950152
2344,11.94171,2.6736841
2345,12.477572,3.5003471
2346,11.971796,2.6141713
2347,11.853103,4.108505
2348,11.394902,3.7362401
2349,12.105861,2.621949
2350,11.051077,3.4612534
2351,12.03066,4.2711053
2352,11.710961,3.663299
2353,20.764875,9.084852
2354,20.772486,9.097889
2355,20.73856,9.0642605
2356,0.14177781,1.2942709
2357,21.657152,-1.5424286
2358,21.337912,-1.4292244
2359,20.840979,-1.3616663
2360,20.988314,-0.22564979
2361,20.461258,-1.2245654
2362,21.245771,-1.4773728
2363,20.842113,-1.0950922
2364,20.506264,-0.81408656
2365,20.614916,-1.328879
2366,21.150711,-1.0445702
2367,20.728506,-0.2672053
2368,20.319902,-1.0653766
2369,21.421036,-1.4782231
2370,21.283468,-1.1546743
2371,4.656019,-3.6263602
2372,4.6756525,-4.2495418
2373,4.801251,-4.299368
2374,4.4584165,-4.1597958
2375,0.32055396,1.1536787
2376,4.783287,-4.2701664
2377,4.7750273,-4.15272
2378,4.7572827,-4.2261686
2379,4.2321324,-4.092492
2380,11.586745,11.914393
2381,13.430754,11.076918
2382,11.635802,11.854967
2383,13.407241,11.121136
2384,13.831858,10.993917
2385,13.956222,10.959421
2386,10.91215,14.888586
2387,10.853724,14.728846
2388,11.333651,14.952115
2389,11.105405,14.841456
2390,11.442401,14.627794
2391,11.599804,14.384243
2392,10.985502,14.842116
2393,10.883056,14.57
2394,11.577206,14.35525
2395,11.220562,14.873169
2396,6.790446,12.551435
2397,6.5098786,12.903875
2398,6.75053,12.717658
2399,7.04305,12.398898
2400,6.5438123,12.870928
2401,10.34855,13.120111
2402,7.579309,0.9913896
2403,7.249833,0.65889597
2404,7.2740517,0.7051317
2405,7.571021,0.975498
2406,-2.585632,7.723141
2407,-2.971511,7.492508
2408,-2.3133097,7.3444986
2409,-2.1543207,7.392785
2410,-3.009391,7.443307
2411,-2.5794013,7.3651476
2412,-2.7119238,7.128289
2413,-2.9112558,7.3685055
2414,-1.9872292,7.908801
2415,-2.325481,7.858417
2416,-2.3904567,6.964552
2417,-2.7801645,7.190994
2418,-2.5501304,7.35037
2419,-2.4882417,7.44644
2420,1.0120382,20.191858
2421,0.78422195,21.55074
2422,0.6651817,20.32537
2423,1.021717,19.585052
2424,0.4554701,20.449974
2425,-0.09941825,21.18498
2426,0.9626154,19.68016
2427,0.3524304,20.680105
2428,0.6815517,20.527372
2429,1.5694919,19.711832
2430,1.4275031,20.18196
2431,1.0917684,20.373646
2432,0.75239,21.032698
2433,1.2883787,20.689884
2434,0.7424843,21.160297
2435,0.49678457,20.439514
2436,1.5537548,19.95925
2437,0.9612956,21.333818
2438,0.44493157,20.795902
2439,1.0120755,19.74648
2440,1.4652764,20.11739
2441,1.5475724,19.613415
2442,1.0365161,20.951061
2443,1.1368505,20.769953
2444,0.5104122,20.654087
2445,0.93073875,20.63538
2446,1.0689276,19.673334
2447,-0.16362706,20.135592
2448,0.03964918,21.018454
2449,0.96705025,21.126543
2450,0.2010672,20.826698
2451,0.54361933,20.157879
2452,1.4396645,19.963537
2453,6.6692586,10.472063
2454,6.671621,10.469688
2455,8.023143,8.348325
2456,6.7064614,10.43135
2457,5.4897857,13.833537
2458,5.4167647,13.900886
2459,5.372183,13.944746
2460,5.6710873,13.66968
2461,-9.342601,2.112569
2462,-8.743684,1.7962475
2463,-8.978743,2.1660924
2464,-9.326693,2.312955
2465,-9.324267,2.1648939
2466,-9.226692,1.7386252
2467,-9.011434,2.2985308
2468,-8.750358,1.8539644
2469,-9.0876045,1.5625836
2470,-9.24408,2.2621489
2471,-9.324994,2.5059884
2472,-1.7989962,-5.6702633
2473,-2.7252052,-5.534827
2474,-2.8504293,-5.590154
2475,-1.7473426,-5.7287617
2476,-2.5803332,-5.626895
2477,-1.8786956,-5.666696
2478,-1.9916306,-5.7850995
2479,-1.7435008,-5.708709
2480,-1.8304242,-5.6994367
2481,0.066554226,1.0880446
2482,0.15342183,1.274137
2483,-0.0055407337,0.9681747
2484,0.036553703,1.3158386
2485,0.2501837,0.5597516
2486,-0.044064816,1.3290782
2487,19.759876,15.205354
2488,19.50932,14.616252
2489,19.291779,15.159027
2490,7.154842,12.322257
2491,19.161572,15.072106
2492,19.377453,14.7457485
2493,19.633715,15.052683
2494,20.006805,15.054479
2495,19.395369,15.0392475
2496,20.077177,15.204915
2497,19.519451,15.165032
2498,7.734763,7.4412384
2499,7.154989,8.130393
2500,7.3038893,7.2909336
2501,7.5126734,8.769807
2502,7.3981357,7.76322
2503,7.71312,7.051737
2504,7.5432734,7.1498284
2505,7.4058847,6.800784
2506,7.4748387,7.083049
2507,7.360783,7.8814034
2508,7.101904,7.1312723
2509,7.4491014,7.0417366
2510,6.7062945,7.415191
2511,7.187133,8.140142
2512,7.3008075,7.979668
2513,7.301479,6.5709457
2514,7.7090354,8.620169
2515,7.1827,7.932735
2516,6.9099436,7.0391064
2517,7.2108483,7.0598307
2518,7.6785007,7.4683037
2519,7.499003,7.3895006
2520,7.6564465,8.496352
2521,7.1848426,6.6682777
2522,3.7504714,-0.8888169
2523,3.7326653,-0.8895164
2524,3.1718652,0.34662893
2525,3.100115,-0.12977552
2526,3.3964174,-0.29376787
2527,3.1027944,-0.15495014
2528,3.2549927,0.03464636
2529,3.0364194,0.2075788
2530,3.148056,0.36334765
2531,11.526471,-3.2556283
2532,11.785071,-4.9886737
2533,11.45596,-4.7863636
2534,11.527556,-5.226964
2535,12.284303,-4.9101057
2536,12.223966,-4.9536715
2537,11.441153,-3.2605271
2538,10.366377,-2.457459
2539,11.793648,-3.7060342
2540,10.270286,-2.5432024
2541,11.291673,-3.899827
2542,9.952483,-2.3407142
2543,11.491543,-3.1657038
2544,11.153962,-3.5537524
2545,11.308338,-3.9978292
2546,11.60522,-3.177079
2547,11.422669,-3.4971044
2548,11.326388,-3.2672977
2549,10.076338,-2.3399704
2550,11.216622,-3.8395689
2551,11.461764,-3.2880769
2552,10.904254,-4.3994656
2553,10.891927,-3.7186813
2554,11.131365,-3.0667
2555,10.637233,-3.3018556
2556,10.9108,-3.8660831
2557,11.355993,-3.7805977
2558,11.543084,-3.4519093
2559,12.4820795,21.589867
2560,12.398212,20.630947
2561,12.588799,21.708094
2562,12.653411,21.770838
2563,12.390594,20.68787
2564,12.573784,21.427832
2565,12.391185,21.240152
2566,12.40931,20.601734
2567,12.690582,21.522224
2568,12.403257,20.608797
2569,12.934136,21.742096
2570,10.823458,13.33336
2571,10.4325075,13.186914
2572,4.737555,-2.7573674
2573,10.723448,13.163012
2574,4.726856,-2.753049
2575,11.514041,12.01293
2576,11.174865,12.980109
2577,4.891683,-1.2124163
2578,5.1629095,-0.87897605
2579,5.026796,-0.56096166
2580,5.026025,-0.95650995
2581,4.796542,-1.4093858
2582,19.01951,12.70033
2583,18.970514,12.610628
2584,19.169338,12.861716
2585,13.431344,11.028756
2586,19.252396,12.985579
